-3.259036242961883545e-01,-9.078685194253921509e-02,2.036999999999999922e+00,-3.141000000000000014e+00,2.309000000000000163e+00
-2.781272232532501221e-01,-9.153880178928375244e-02,2.004305460370883640e+00,-3.103208755323591639e+00,2.259023696623798649e+00
-2.299658954143524170e-01,-9.231218695640563965e-02,1.973539622298973395e+00,-3.063831422967463247e+00,2.209047393247597135e+00
-1.814056187868118286e-01,-9.310600161552429199e-02,1.944779311499888363e+00,-3.022966332505162335e+00,2.159071089871395621e+00
-1.324322372674942017e-01,-9.391912817955017090e-02,1.918096345664842106e+00,-2.980715528607511544e+00,2.109094786495194107e+00
-8.303271979093551636e-02,-9.475020319223403931e-02,1.893557355123889119e+00,-2.937184516225727293e+00,2.059118483118992593e+00
-3.319415822625160217e-02,-9.559782594442367554e-02,1.871223616462587724e+00,-2.892481997133838689e+00,2.009142179742791079e+00
1.709567010402679443e-02,-9.646027535200119019e-02,1.851150899507558512e+00,-2.846719598488276937e+00,1.959165876366589565e+00
6.784854084253311157e-02,-9.733560681343078613e-02,1.833389328063032009e+00,-2.800011594082469024e+00,1.909189572990388051e+00
1.190751343965530396e-01,-9.822195023298263550e-02,1.817983254746140087e+00,-2.752474618992476696e+00,1.859213269614186537e+00
1.707849353551864624e-01,-9.911687672138214111e-02,1.804971150233504629e+00,-2.704227378326255593e+00,1.809236966237985023e+00
2.229868471622467041e-01,-1.000178605318069458e-01,1.794385507195682905e+00,-2.655390350803812805e+00,1.759260662861783509e+00
2.756878733634948730e-01,-1.009222269058227539e-01,1.786252759159360881e+00,-2.606085487908458287e+00,1.709284359485581994e+00
3.288936614990234375e-01,-1.018269136548042297e-01,1.780593214499898158e+00,-2.556435909360402547e+00,1.659308056109380480e+00
3.826082944869995117e-01,-1.027287468314170837e-01,1.777421005729061365e+00,-2.506565595673137636e+00,1.609331752733178966e+00
4.368336200714111328e-01,-1.036242246627807617e-01,1.776744054204570045e+00,-2.456599078560319782e+00,1.559355449356977452e+00
4.915698766708374023e-01,-1.045097708702087402e-01,1.778564050349587422e+00,-2.406661129966248147e+00,1.509379145980775938e+00
5.468143820762634277e-01,-1.053814366459846497e-01,1.782876449431545662e+00,-2.356876450496456332e+00,1.459402842604574424e+00
6.025621891021728516e-01,-1.062351241707801819e-01,1.789670482910847404e+00,-2.307369358026446271e+00,1.409426539228372910e+00
6.588059663772583008e-01,-1.070666015148162842e-01,1.798929185331106906e+00,-2.258263477266143404e+00,1.359450235852171396e+00
7.155348658561706543e-01,-1.078714430332183838e-01,1.810629436683778293e+00,-2.209681431055260603e+00,1.309473932475969882e+00
7.727358341217041016e-01,-1.086451634764671326e-01,1.824742020141385535e+00,-2.161744534160446207e+00,1.259497629099768368e+00
8.303918242454528809e-01,-1.093832105398178101e-01,1.841231695015187242e+00,-2.114572490338831656e+00,1.209521325723566854e+00
8.884830474853515625e-01,-1.100810691714286804e-01,1.860057284755090246e+00,-2.068283093424453600e+00,1.159545022347365339e+00
9.469869136810302734e-01,-1.107342392206192017e-01,1.881171779772071062e+00,-2.022991933183961866e+00,1.109568718971163825e+00
1.005876779556274414e+00,-1.113382801413536072e-01,1.904522454826341971e+00,-1.978812106676133054e+00,1.059592415594962311e+00
1.065123081207275391e+00,-1.118889823555946350e-01,1.930051000688131513e+00,-1.935853935835948114e+00,1.009616112218760797e+00
1.124693870544433594e+00,-1.123823300004005432e-01,1.957693669742309517e+00,-1.894224691988465104e+00,9.596398088425592832e-01
1.184553027153015137e+00,-1.128146871924400330e-01,1.987381435173265043e+00,-1.854028327980403734e+00,9.096635054663577691e-01
1.244662761688232422e+00,-1.131827086210250854e-01,2.019040163332531890e+00,-1.815365218598337105e+00,8.596872020901562550e-01
1.304982662200927734e+00,-1.134834662079811096e-01,2.052590798858746179e+00,-1.778331909921699427e+00,8.097108987139547409e-01
1.365470170974731445e+00,-1.137146130204200745e-01,2.087949562087666244e+00,-1.743020878236499982e+00,7.597345953377532268e-01
1.426080942153930664e+00,-1.138742864131927490e-01,2.125028158259301136e+00,-1.709520299111761510e+00,7.097582919615517127e-01
1.486769556999206543e+00,-1.139610782265663147e-01,2.163733997999734981e+00,-1.677913827215331333e+00,6.597819885853501987e-01
1.500000000000000000e+00,-1.139743402600288391e-01,2.203970428527082248e+00,-1.648280387418879389e+00,6.098056852091486846e-01
1.500000000000000000e+00,-1.139139607548713684e-01,2.245636975004219771e+00,-1.620693977713726142e+00,5.598293818329471705e-01
1.500000000000000000e+00,-1.137804538011550903e-01,2.288629591435617172e+00,-1.595223484429638905e+00,5.098530784567456564e-01
1.500000000000000000e+00,-1.135748550295829773e-01,2.332840920481749070e+00,-1.571932510218011725e+00,4.598767750805441423e-01
1.500000000000000000e+00,-1.132988631725311279e-01,2.378160561542295603e+00,-1.550879215228978758e+00,4.099004717043426282e-01
1.500000000000000000e+00,-1.129547506570816040e-01,2.424475346438708989e+00,-1.532116171879059685e+00,3.599241683281411142e-01
1.500000000000000000e+00,-1.125451922416687012e-01,2.471669622007727440e+00,-1.515690233571993728e+00,3.099478649519396001e-01
1.500000000000000000e+00,-1.120733618736267090e-01,2.519625538900171602e+00,-1.501642417700585375e+00,2.599715615757380860e-01
1.500000000000000000e+00,-1.115428954362869263e-01,2.568223345863862583e+00,-1.490007803221717886e+00,2.099952581995365719e-01
1.500000000000000000e+00,-1.119675412774085999e-01,2.520728215659089333e+00,-1.498936809037733964e+00,1.616633926036496194e-01
1.500000000000000000e+00,-1.124325171113014221e-01,2.472857160725959957e+00,-1.505560753302301880e+00,1.133315270077626807e-01
1.500000000000000000e+00,-1.129381135106086731e-01,2.424721984609221614e+00,-1.509864165697293092e+00,6.499966141187574209e-02
1.500000000000000000e+00,-1.134847626090049744e-01,2.376435107712485006e+00,-1.511836995540495776e+00,1.666779581598878957e-02
1.500000000000000000e+00,-1.140727549791336060e-01,2.328109304738739560e+00,-1.511474635259129728e+00,-3.166406977989816296e-02
1.500000000000000000e+00,-1.147024929523468018e-01,2.279857441303391852e+00,-1.508777931150900642e+00,-7.999593537578508773e-02
1.500000000000000000e+00,-1.153743565082550049e-01,2.231792210334981874e+00,-1.503753181407457840e+00,-1.283278009716720680e-01
1.500000000000000000e+00,-1.160887032747268677e-01,2.184025868879210908e+00,-1.496412121404877116e+00,-1.766596665675589928e-01
1.500000000000000000e+00,-1.168459132313728333e-01,2.136669975920977294e+00,-1.486771896295518980e+00,-2.249915321634459175e-01
1.500000000000000000e+00,-1.159224212169647217e-01,2.182034593222766716e+00,-1.498277819282623602e+00,-2.717968169155114411e-01
1.500000000000000000e+00,-1.149761378765106201e-01,2.226811187284357452e+00,-1.511893670007661949e+00,-3.186021016675770201e-01
1.500000000000000000e+00,-1.140114814043045044e-01,2.270901682375040753e+00,-1.527589625199412326e+00,-3.654073864196425436e-01
1.500000000000000000e+00,-1.130325794219970703e-01,2.314209505550537394e+00,-1.545331305461521421e+00,-4.122126711717081227e-01
1.500000000000000000e+00,-1.120433956384658813e-01,2.356639798180075296e+00,-1.565079850574890852e+00,-4.590179559237736462e-01
1.500000000000000000e+00,-1.110476553440093994e-01,2.398099623718545459e+00,-1.586792004614566487e+00,-5.058232406758391697e-01
1.500000000000000000e+00,-1.100488975644111633e-01,2.438498171268649095e+00,-1.610420210694695431e+00,-5.526285254279047487e-01
1.500000000000000000e+00,-1.090503931045532227e-01,2.477746954487161535e+00,-1.635912715134024253e+00,-5.994338101799703278e-01
1.500000000000000000e+00,-1.080551818013191223e-01,2.515760005399648058e+00,-1.663213680813789175e+00,-6.462390949320357958e-01
1.500000000000000000e+00,-1.070660799741744995e-01,2.552454062699105908e+00,-1.692263309479696831e+00,-6.930443796841013748e-01
1.500000000000000000e+00,-1.060855686664581299e-01,2.587748754116099725e+00,-1.722997972720119231e+00,-7.398496644361669539e-01
1.500000000000000000e+00,-1.051160469651222229e-01,2.621566772460938388e+00,-1.755350351333618164e+00,-7.866549491882324219e-01
1.500000000000000000e+00,-1.051160469651222229e-01,2.621566772460937500e+00,-1.755350351333618164e+00,-7.866549491882324219e-01
1.500000000000000000e+00,-1.042968332767486572e-01,2.654286127688751495e+00,-1.786698354905672081e+00,-7.413382309539100490e-01
1.500000000000000000e+00,-1.034983620047569275e-01,2.688391994824375519e+00,-1.816531949415964409e+00,-6.960215127195876761e-01
1.500000000000000000e+00,-1.027214452624320984e-01,2.723814345875566811e+00,-1.844789878931120786e+00,-6.507047944852651922e-01
1.500000000000000000e+00,-1.019666865468025208e-01,2.760480449774830092e+00,-1.871414122757487419e+00,-6.053880762509428193e-01
1.500000000000000000e+00,-1.012346446514129639e-01,2.798315021714738116e+00,-1.896350014572324882e+00,-5.600713580166204464e-01
1.500000000000000000e+00,-1.005257815122604370e-01,2.837240377726730767e+00,-1.919546354667629018e+00,-5.147546397822979625e-01
1.500000000000000000e+00,-9.984053671360015869e-02,2.877176594185995029e+00,-1.940955515076112192e+00,-4.694379215479755896e-01
1.500000000000000000e+00,-9.917916357517242432e-02,2.918041671914932689e+00,-1.960533537363495560e+00,-4.241212033136532167e-01
1.500000000000000000e+00,-9.854201227426528931e-02,2.959751704548259532e+00,-1.978240222886319399e+00,-3.788044850793308438e-01
1.500000000000000000e+00,-9.931874275207519531e-02,2.914310065882345757e+00,-1.961416779726072424e+00,-3.303438792001039404e-01
1.500000000000000000e+00,-1.000832542777061462e-01,2.868106819852442424e+00,-1.946814354560718607e+00,-2.818832733208770924e-01
1.500000000000000000e+00,-1.008323580026626587e-01,2.821250450329448434e+00,-1.934467233457635604e+00,-2.334226674416501890e-01
1.500000000000000000e+00,-1.015625745058059692e-01,2.773850974699130667e+00,-1.924404407096198089e+00,-1.849620615624233133e-01
1.500000000000000000e+00,-1.022703871130943298e-01,2.726019685544517124e+00,-1.916649502698509977e+00,-1.365014556831964376e-01
1.500000000000000000e+00,-1.029522493481636047e-01,2.677868889334166891e+00,-1.911220728553377768e+00,-8.804084980396953419e-02
1.500000000000000000e+00,-1.036044955253601074e-01,2.629511642729865262e+00,-1.908130831263781246e+00,-3.958024392474268627e-02
1.500000000000000000e+00,-1.042235940694808960e-01,2.581061487132885635e+00,-1.907387065818220817e+00,8.880361954484217168e-03
1.500000000000000000e+00,-1.048058941960334778e-01,2.532632182092101392e+00,-1.908991178556218804e+00,5.734096783371112060e-02
1.500000000000000000e+00,-1.053478643298149109e-01,2.484337438199888837e+00,-1.912939403067962951e+00,1.058015737129379685e-01
1.500000000000000000e+00,-1.058461740612983704e-01,2.436290650102981736e+00,-1.919222469037728862e+00,1.542621795921648165e-01
1.500000000000000000e+00,-1.062975004315376282e-01,2.388604630255154682e+00,-1.927825624010308658e+00,2.027227854713917754e-01
1.500000000000000000e+00,-1.066989526152610779e-01,2.341391344036882760e+00,-1.938728668029344737e+00,2.511833913506186233e-01
1.500000000000000000e+00,-1.070476919412612915e-01,2.294761646863896942e+00,-1.951906001066237462e+00,2.996439972298454713e-01
1.500000000000000000e+00,-1.073413118720054626e-01,2.248825023901913411e+00,-1.967326683128263420e+00,3.481046031090724302e-01
1.500000000000000000e+00,-1.075776666402816772e-01,2.203689332998662209e+00,-1.984954506904773597e+00,3.965652089882992781e-01
1.500000000000000000e+00,-1.077551245689392090e-01,2.159460551436815479e+00,-2.004748082780900553e+00,4.450258148675261261e-01
1.500000000000000000e+00,-1.078216657042503357e-01,2.115231769874968748e+00,-2.024541658657027732e+00,3.965652089882992226e-01
1.500000000000000000e+00,-1.079257875680923462e-01,2.070096078971717546e+00,-2.042169482433537908e+00,3.481046031090723747e-01
1.500000000000000000e+00,-1.080676242709159851e-01,2.024159456009734015e+00,-2.057590164495563645e+00,2.996439972298454713e-01
1.500000000000000000e+00,-1.082472875714302063e-01,1.977529758836748197e+00,-2.070767497532456147e+00,2.511833913506186233e-01
1.500000000000000000e+00,-1.084648743271827698e-01,1.930316472618476054e+00,-2.081670541551492448e+00,2.027227854713917199e-01
1.500000000000000000e+00,-1.087204962968826294e-01,1.882630452770649443e+00,-2.090273696524072022e+00,1.542621795921648165e-01
1.500000000000000000e+00,-1.090145185589790344e-01,1.834583664673742343e+00,-2.096556762493837933e+00,1.058015737129379685e-01
1.500000000000000000e+00,-1.093470230698585510e-01,1.786288920781529788e+00,-2.100504987005582525e+00,5.734096783371106509e-02
1.500000000000000000e+00,-1.097182407975196838e-01,1.737859615740745323e+00,-2.102109099743580067e+00,8.880361954484161657e-03
1.500000000000000000e+00,-1.101285219192504883e-01,1.689409460143766140e+00,-2.101365334298019860e+00,-3.958024392474268627e-02
1.500000000000000000e+00,-1.105780005455017090e-01,1.641052213539464066e+00,-2.098275437008423339e+00,-8.804084980396953419e-02
1.500000000000000000e+00,-1.110672280192375183e-01,1.592901417329113611e+00,-2.092846662863291129e+00,-1.365014556831964931e-01
1.500000000000000000e+00,-1.115963235497474670e-01,1.545070128174500290e+00,-2.085091758465603018e+00,-1.849620615624233411e-01
1.500000000000000000e+00,-1.121656671166419983e-01,1.497670652544182301e+00,-2.075028932104165502e+00,-2.334226674416501890e-01
1.500000000000000000e+00,-1.127755120396614075e-01,1.450814283021188533e+00,-2.062681811001082721e+00,-2.818832733208771479e-01
1.500000000000000000e+00,-1.134263351559638977e-01,1.404611036991285200e+00,-2.048079385835728683e+00,-3.303438792001039959e-01
1.500000000000000000e+00,-1.141184195876121521e-01,1.359169398325371425e+00,-2.031255942675481485e+00,-3.788044850793308438e-01
1.500000000000000000e+00,-1.132889762520790100e-01,1.401157138831135018e+00,-2.049088071124098409e+00,-4.244259287486982779e-01
1.500000000000000000e+00,-1.124356687068939209e-01,1.442287946762721873e+00,-2.068816522575802175e+00,-4.700473724180657120e-01
1.500000000000000000e+00,-1.115623340010643005e-01,1.482476230753222879e+00,-2.090400243007789260e+00,-5.156688160874330906e-01
1.500000000000000000e+00,-1.106727719306945801e-01,1.521638360785784849e+00,-2.113794317665702138e+00,-5.612902597568005802e-01
1.500000000000000000e+00,-1.097704097628593445e-01,1.559692842223927123e+00,-2.138950064529220541e+00,-6.069117034261679589e-01
1.500000000000000000e+00,-1.088588461279869080e-01,1.596560485398224039e+00,-2.165815135617159992e+00,-6.525331470955353375e-01
1.500000000000000000e+00,-1.079411879181861877e-01,1.632164570396456238e+00,-2.194333625921276454e+00,-6.981545907649028271e-01
1.500000000000000000e+00,-1.070204600691795349e-01,1.666431006714308660e+00,-2.224446189742078417e+00,-7.437760344342703167e-01
1.500000000000000000e+00,-1.060995087027549744e-01,1.699288487434386541e+00,-2.256090164184569424e+00,-7.893974781036376953e-01
1.500000000000000000e+00,-1.060995087027549744e-01,1.699288487434387207e+00,-2.256090164184570312e+00,-7.893974781036376953e-01
1.500000000000000000e+00,-1.070503368973731995e-01,1.665343244436611414e+00,-2.223446889759289391e+00,-7.422989333459610872e-01
1.500000000000000000e+00,-1.080007106065750122e-01,1.629898762015778324e+00,-2.192437995014369534e+00,-6.952003885882844791e-01
1.500000000000000000e+00,-1.089476644992828369e-01,1.593033651174011744e+00,-2.163132253426644613e+00,-6.481018438306078711e-01
1.500000000000000000e+00,-1.098879128694534302e-01,1.554829673672486257e+00,-2.135594661112769632e+00,-6.010032990729312630e-01
1.500000000000000000e+00,-1.108177453279495239e-01,1.515371560695053521e+00,-2.109886292676744546e+00,-5.539047543152546549e-01
1.500000000000000000e+00,-1.117334291338920593e-01,1.474746824926091993e+00,-2.086064165754819122e+00,-5.068062095575780468e-01
1.500000000000000000e+00,-1.126309558749198914e-01,1.433045566459373532e+00,-2.064181114558192753e+00,-4.597076647999014942e-01
1.500000000000000000e+00,-1.135062202811241150e-01,1.390360272968408362e+00,-2.044285672693975986e+00,-4.126091200422248861e-01
1.500000000000000000e+00,-1.143550649285316467e-01,1.346785614581467394e+00,-2.026421965524307645e+00,-3.655105752845482781e-01
1.500000000000000000e+00,-1.151729524135589600e-01,1.302418233916217361e+00,-2.010629612302351266e+00,-3.184120305268716700e-01
1.500000000000000000e+00,-1.158537566661834717e-01,1.257349739594497029e+00,-1.994568635969817372e+00,-3.662613873524498964e-01
1.500000000000000000e+00,-1.165764927864074707e-01,1.213101043125611289e+00,-1.976370366766798448e+00,-4.141107441780280674e-01
1.500000000000000000e+00,-1.173416301608085632e-01,1.169773435268862460e+00,-1.956076462790654613e+00,-4.619601010036062938e-01
1.500000000000000000e+00,-1.181493997573852539e-01,1.127466098297375208e+00,-1.933733379306896705e+00,-5.098094578291845203e-01
1.500000000000000000e+00,-1.190001368522644043e-01,1.086275878957560170e+00,-1.909392262407315632e+00,-5.576588146547627467e-01
1.500000000000000000e+00,-1.198943033814430237e-01,1.046297066774888540e+00,-1.883108831930229821e+00,-6.055081714803409731e-01
1.500000000000000000e+00,-1.208320632576942444e-01,1.007621178213463420e+00,-1.854943253910857237e+00,-6.533575283059191996e-01
1.500000000000000000e+00,-1.218136250972747803e-01,9.703367471834724034e-01,-1.824960002853792229e+00,-7.012068851314974260e-01
1.500000000000000000e+00,-1.228392049670219421e-01,9.345291223760765487e-01,-1.793227714142860751e+00,-7.490562419570756525e-01
1.500000000000000000e+00,-1.217069327831268311e-01,9.663130748149876270e-01,-1.824122976830237830e+00,-7.933852240798825450e-01
1.500000000000000000e+00,-1.205729842185974121e-01,9.966966966533925554e-01,-1.856396377846272649e+00,-8.377142062026894376e-01
1.500000000000000000e+00,-1.194407045841217041e-01,1.025620292068638806e+00,-1.889984508449450651e+00,-8.820431883254964411e-01
1.500000000000000000e+00,-1.183133944869041443e-01,1.053027033805847168e+00,-1.924821376800537331e+00,-9.263721704483032227e-01
1.500000000000000000e+00,-1.183133944869041443e-01,1.053027033805847168e+00,-1.924821376800537109e+00,-9.263721704483032227e-01
1.500000000000000000e+00,-1.174234002828598022e-01,1.078092718204181066e+00,-1.956803819192382221e+00,-8.857348427646684064e-01
1.500000000000000000e+00,-1.186013966798782349e-01,1.047132896472538155e+00,-1.920699937071761010e+00,-8.381698621401955096e-01
1.500000000000000000e+00,-1.197813898324966431e-01,1.014491457322947987e+00,-1.886108936564715233e+00,-7.906048815157226128e-01
1.500000000000000000e+00,-1.209594160318374634e-01,9.802422357190293534e-01,-1.853109062544342045e+00,-7.430399008912497161e-01
1.500000000000000000e+00,-1.221309602260589600e-01,9.444627034297045087e-01,-1.821774960754247941e+00,-6.954749202667768193e-01
1.500000000000000000e+00,-1.232915297150611877e-01,9.072337937879908498e-01,-1.792177508959812204e+00,-6.479099396423039225e-01
1.500000000000000000e+00,-1.244358941912651062e-01,8.686397186197323261e-01,-1.764383656622620311e+00,-6.003449590178310258e-01
1.500000000000000000e+00,-1.255588978528976440e-01,8.287677777563752235e-01,-1.738456273460723844e+00,-5.527799783933581290e-01
1.500000000000000000e+00,-1.265100240707397461e-01,7.888958368930182319e-01,-1.712528890298827600e+00,-6.003449590178310258e-01
1.500000000000000000e+00,-1.275102794170379639e-01,7.503017617247595972e-01,-1.684735037961635484e+00,-6.479099396423039225e-01
1.500000000000000000e+00,-1.285597383975982666e-01,7.130728520830460493e-01,-1.655137586167199748e+00,-6.954749202667768193e-01
1.500000000000000000e+00,-1.296592950820922852e-01,6.772933197937210936e-01,-1.623803484377105644e+00,-7.430399008912497161e-01
1.500000000000000000e+00,-1.308089643716812134e-01,6.430440981898024599e-01,-1.590803610356732456e+00,-7.906048815157226128e-01
1.500000000000000000e+00,-1.320092827081680298e-01,6.104026590402125141e-01,-1.556212609849686679e+00,-8.381698621401955096e-01
1.500000000000000000e+00,-1.332604736089706421e-01,5.794428373085693806e-01,-1.520108727729065468e+00,-8.857348427646684064e-01
1.500000000000000000e+00,-1.318234503269195557e-01,6.079873244496828422e-01,-1.556748793345607229e+00,-9.321855702973542712e-01
1.500000000000000000e+00,-1.303942054510116577e-01,6.347996766075484354e-01,-1.594674772914977501e+00,-9.786362978300400250e-01
1.500000000000000000e+00,-1.289767175912857056e-01,6.598220519733350997e-01,-1.633804849398257764e+00,-1.025087025362725779e+00
1.500000000000000000e+00,-1.275748163461685181e-01,6.830004702232018721e-01,-1.674054608179745163e+00,-1.071537752895411755e+00
1.500000000000000000e+00,-1.261918842792510986e-01,7.042849289690882308e-01,-1.715337219173096228e+00,-1.117988480428097509e+00
1.500000000000000000e+00,-1.248308643698692322e-01,7.236295116279726214e-01,-1.757563624138322345e+00,-1.164439207960783484e+00
1.500000000000000000e+00,-1.234941259026527405e-01,7.409924864768984154e-01,-1.800642728805541992e+00,-1.210889935493469238e+00
1.500000000000000000e+00,-1.234941259026527405e-01,7.409924864768981934e-01,-1.800642728805541992e+00,-1.210889935493469238e+00
1.500000000000000000e+00,-1.247046366333961487e-01,7.255137396270874284e-01,-1.756387567539614558e+00,-1.257778245995382127e+00
-3.115814685821533203e+00,-1.259428411722183228e-01,7.121262942671725549e-01,-1.711455538768936302e+00,-1.304666556497295016e+00
-3.068908452987670898e+00,-1.272071301937103271e-01,7.008595774867589778e-01,-1.665945408075828915e+00,-1.351554866999207904e+00
-3.021521329879760742e+00,-1.284952461719512939e-01,6.917383547788393816e-01,-1.619957211774752714e+00,-1.398443177501120793e+00
-2.973639726638793945e+00,-1.298049539327621460e-01,6.847826756024939510e-01,-1.573592037021393608e+00,-1.445331488003033460e+00
-2.925250291824340820e+00,-1.311336904764175415e-01,6.800078293119562467e-01,-1.526951799611883320e+00,-1.492219798504946349e+00
-2.876341104507446289e+00,-1.324784010648727417e-01,6.774243115489161360e-01,-1.480139019960576174e+00,-1.539108109006859237e+00
-2.826900959014892578e+00,-1.338357776403427124e-01,6.770378011719360156e-01,-1.433256597748810535e+00,-1.585996419508772126e+00
-2.871707916259765625e+00,-1.353980302810668945e-01,6.765856437526932554e-01,-1.384366869920867771e+00,-1.537099729877632770e+00
-2.917005538940429688e+00,-1.370206773281097412e-01,6.737444333798224827e-01,-1.335557675530474331e+00,-1.488203040246493414e+00
-2.962818861007690430e+00,-1.387036442756652832e-01,6.685209617108216484e-01,-1.286945688560743983e+00,-1.439306350615354058e+00
-3.009173393249511719e+00,-1.404463350772857666e-01,6.609277149842553989e-01,-1.238647111588211835e+00,-1.390409660984214701e+00
-3.056095123291015625e+00,-1.422481089830398560e-01,6.509828441725258319e-01,-1.190777398011043875e+00,-1.341512971353075123e+00
-3.103611230850219727e+00,-1.441076695919036865e-01,6.387101215936080711e-01,-1.143450976068084435e+00,-1.292616281721935767e+00
1.500000000000000000e+00,-1.460237056016921997e-01,6.241388840854645848e-01,-1.096780975308459638e+00,-1.243719592090796411e+00
1.500000000000000000e+00,-1.479943245649337769e-01,6.073039628789773658e-01,-1.050878956165578026e+00,-1.194822902459657055e+00
1.500000000000000000e+00,-1.500164717435836792e-01,5.882456003370266640e-01,-1.005854643281962835e+00,-1.145926212828517698e+00
1.500000000000000000e+00,-1.520875543355941772e-01,5.670093537587476140e-01,-9.618156632223765490e-01,-1.097029523197378342e+00
1.500000000000000000e+00,-1.502261608839035034e-01,5.908351502990215609e-01,-1.005565864876133864e+00,-1.047207217431567861e+00
1.500000000000000000e+00,-1.484311968088150024e-01,6.168102162758908324e-01,-1.048075212942415124e+00,-9.973849116657573788e-01
1.500000000000000000e+00,-1.467026472091674805e-01,6.448700881024719278e-01,-1.089238209900834198e+00,-9.475626058999470080e-01
1.500000000000000000e+00,-1.450407803058624268e-01,6.749451282276208719e-01,-1.128952699536150517e+00,-8.977403001341365263e-01
1.500000000000000000e+00,-1.434455066919326782e-01,7.069606979588370921e-01,-1.167120120464326893e+00,-8.479179943683260445e-01
1.500000000000000000e+00,-1.419164836406707764e-01,7.408373426967430619e-01,-1.203645750737118547e+00,-7.980956886025156738e-01
1.500000000000000000e+00,-1.404533088207244873e-01,7.764909891214357707e-01,-1.238438942918146823e+00,-7.482733828367051920e-01
1.500000000000000000e+00,-1.390551328659057617e-01,8.138331538413402511e-01,-1.271413349047059604e+00,-6.984510770708947103e-01
1.500000000000000000e+00,-1.377217322587966919e-01,8.527711629867549270e-01,-1.302487134933471680e+00,-6.486287713050842285e-01
1.500000000000000000e+00,-1.377217322587966919e-01,8.527711629867553711e-01,-1.302487134933471680e+00,-6.486287713050842285e-01
1.500000000000000000e+00,-1.363597810268402100e-01,8.873695993310394270e-01,-1.329938088374320593e+00,-6.927980343390178763e-01
1.500000000000000000e+00,-1.349908858537673950e-01,9.207221975293408134e-01,-1.358889959396825997e+00,-7.369672973729515242e-01
1.500000000000000000e+00,-1.336195468902587891e-01,9.527638997820766509e-01,-1.389286274289065259e+00,-7.811365604068851720e-01
1.500000000000000000e+00,-1.322502046823501587e-01,9.834322053320027068e-01,-1.421067741797308104e+00,-8.253058234408188198e-01
1.500000000000000000e+00,-1.308868974447250366e-01,1.012667292378605755e+00,-1.454172368779932167e+00,-8.694750864747524677e-01
1.500000000000000000e+00,-1.295333951711654663e-01,1.040412134766905083e+00,-1.488535581131654517e+00,-9.136443495086861155e-01
1.500000000000000000e+00,-1.281929016113281250e-01,1.066612613223049122e+00,-1.524090349742211581e+00,-9.578136125426197633e-01
1.500000000000000000e+00,-1.295445859432220459e-01,1.038911128552873375e+00,-1.482538846158407253e+00,-1.007757763051596811e+00
1.500000000000000000e+00,-1.309402883052825928e-01,1.013318578142579529e+00,-1.439656203206934881e+00,-1.057701913560574081e+00
1.500000000000000000e+00,-1.323788613080978394e-01,9.898987872460347504e-01,-1.395549365898315797e+00,-1.107646064069551128e+00
1.500000000000000000e+00,-1.338589340448379517e-01,9.687101624728003957e-01,-1.350328332261014230e+00,-1.157590214578528398e+00
-3.128036737442016602e+00,-1.353783756494522095e-01,9.498055461279055756e-01,-1.304105879017387837e+00,-1.207534365087505446e+00
-3.078196525573730469e+00,-1.369352042675018311e-01,9.332320844284384131e-01,-1.256997280329853250e+00,-1.257478515596482715e+00
-3.027770280838012695e+00,-1.385266780853271484e-01,9.190311099256089911e-01,-1.209120020318686484e+00,-1.307422666105459763e+00
-2.976738691329956055e+00,-1.401498019695281982e-01,9.072380384255120944e-01,-1.160593500068410000e+00,-1.357366816614436811e+00
-3.024247646331787109e+00,-1.419728249311447144e-01,8.954449669254153088e-01,-1.112066979818133516e+00,-1.307422666105459763e+00
-3.072361469268798828e+00,-1.438580900430679321e-01,8.812439924225857757e-01,-1.064189719806966750e+00,-1.257478515596482493e+00
-3.121108770370483398e+00,-1.458045989274978638e-01,8.646705307231186133e-01,-1.017081121119432163e+00,-1.207534365087505446e+00
1.500000000000000000e+00,-1.478103548288345337e-01,8.457659143782239042e-01,-9.708586678758058808e-01,-1.157590214578528176e+00
1.500000000000000000e+00,-1.498729735612869263e-01,8.245772896049895495e-01,-9.256376342385042033e-01,-1.107646064069551128e+00
1.500000000000000000e+00,-1.519897580146789551e-01,8.011574987084446597e-01,-8.815307969298851187e-01,-1.057701913560574081e+00
1.500000000000000000e+00,-1.541567146778106689e-01,7.755649482981508136e-01,-8.386481539784127470e-01,-1.007757763051596811e+00
1.500000000000000000e+00,-1.563694477081298828e-01,7.478634636279750669e-01,-7.970966503946084192e-01,-9.578136125426196523e-01
1.500000000000000000e+00,-1.548507064580917358e-01,7.709822545414594108e-01,-8.286363065807331729e-01,-9.187057703152823329e-01
1.500000000000000000e+00,-1.533783674240112305e-01,7.953165020104694394e-01,-8.592479515178703675e-01,-8.795979280879449025e-01
1.500000000000000000e+00,-1.519520133733749390e-01,8.208289934125452270e-01,-8.888847730090385646e-01,-8.404900858606075831e-01
1.500000000000000000e+00,-1.505716890096664429e-01,8.474807143211363636e-01,-9.175014495849608265e-01,-8.013822436332702637e-01
1.500000000000000000e+00,-1.505716890096664429e-01,8.474807143211364746e-01,-9.175014495849609375e-01,-8.013822436332702637e-01
1.500000000000000000e+00,-1.487132459878921509e-01,8.791864019831131527e-01,-9.518054457676871083e-01,-8.480985327132778417e-01
1.500000000000000000e+00,-1.468732804059982300e-01,9.092555259455372685e-01,-9.875526494115483001e-01,-8.948148217932855308e-01
1.500000000000000000e+00,-1.450570970773696899e-01,9.376224749353740950e-01,-1.024665059589699112e+00,-9.415311108732931089e-01
1.500000000000000000e+00,-1.432688683271408081e-01,9.642253518505445875e-01,-1.063061696474452145e+00,-9.882473999533006870e-01
1.500000000000000000e+00,-1.415127217769622803e-01,9.890061088203168094e-01,-1.102658778036461396e+00,-1.034963689033308265e+00
1.500000000000000000e+00,-1.397916078567504883e-01,1.011910673866618815e+00,-1.143369902858345499e+00,-1.081679978113315954e+00
1.500000000000000000e+00,-1.381085515022277832e-01,1.032889068889893069e+00,-1.185106238663861111e+00,-1.128396267193323421e+00
-3.130773544311523438e+00,-1.396028846502304077e-01,1.014088065397165117e+00,-1.142927227229404430e+00,-1.174579877114483750e+00
-3.084740161895751953e+00,-1.411321759223937988e-01,9.972543955161105034e-01,-1.099925200576497897e+00,-1.220763487035644301e+00
-3.038191795349121094e+00,-1.426944732666015625e-01,9.824239578345215218e-01,-1.056191862536804305e+00,-1.266947096956804630e+00
-2.991111755371093750e+00,-1.442872285842895508e-01,9.696283789538979736e-01,-1.011820476497698573e+00,-1.313130706877965181e+00
-2.943483591079711914e+00,-1.459077000617980957e-01,9.588949460442415251e-01,-9.669056665137354400e-01,-1.359314316799125510e+00
-2.895292043685913086e+00,-1.475525200366973877e-01,9.502465486528901550e-01,-9.215432155164307026e-01,-1.405497926720285840e+00
-2.846522569656372070e+00,-1.492179185152053833e-01,9.437016298914894241e-01,-8.758298610526827899e-01,-1.451681536641446391e+00
-2.797161579132080078e+00,-1.509000062942504883e-01,9.392741471051937463e-01,-8.298630889874325511e-01,-1.497865146562606720e+00
-2.747196674346923828e+00,-1.525938063859939575e-01,9.369735421079760096e-01,-7.837409256105009048e-01,-1.544048756483767271e+00
-2.696617841720581055e+00,-1.542941778898239136e-01,9.368047210475185516e-01,-7.375617285909428222e-01,-1.590232366404927600e+00
-2.645416259765625000e+00,-1.559953987598419189e-01,9.387680439426231427e-01,-6.914239772247225968e-01,-1.636415976326087929e+00
-2.593585252761840820e+00,-1.576911211013793945e-01,9.428593239154543504e-01,-6.454260624230109267e-01,-1.682599586247248480e+00
-2.632265329360961914e+00,-1.595111787319183350e-01,9.469506038882854471e-01,-5.994281476212993676e-01,-1.636415976326088151e+00
-2.671320438385009766e+00,-1.614190489053726196e-01,9.489139267833900382e-01,-5.532903962550790311e-01,-1.590232366404927600e+00
-2.710773468017578125e+00,-1.634168028831481934e-01,9.487451057229326912e-01,-5.071111992355210596e-01,-1.544048756483767271e+00
-2.750648260116577148e+00,-1.655068397521972656e-01,9.464445007257149545e-01,-4.609890358585893577e-01,-1.497865146562606720e+00
-2.790970563888549805e+00,-1.676912307739257812e-01,9.420170179394191656e-01,-4.150222637933392300e-01,-1.451681536641446391e+00
-2.831766843795776367e+00,-1.699719727039337158e-01,9.354720991780184347e-01,-3.693089093295912062e-01,-1.405497926720285840e+00
-2.873064517974853516e+00,-1.723510473966598511e-01,9.268237017866671756e-01,-3.239464583322865243e-01,-1.359314316799125510e+00
-2.914893388748168945e+00,-1.748305261135101318e-01,9.160902688770106161e-01,-2.790316483483233911e-01,-1.313130706877965181e+00
-2.957284212112426758e+00,-1.774118989706039429e-01,9.032946899963870679e-01,-2.346602623092177153e-01,-1.266947096956804630e+00
-3.000268936157226562e+00,-1.800964325666427612e-01,8.884642523147980864e-01,-1.909269242695241231e-01,-1.220763487035644301e+00
-3.043880939483642578e+00,-1.828852742910385132e-01,8.716305824337435837e-01,-1.479248976166175900e-01,-1.174579877114483750e+00
-3.088155508041381836e+00,-1.857790797948837280e-01,8.528295789410155203e-01,-1.057458861821607421e-01,-1.128396267193323421e+00
-3.136526346206665039e+00,-1.830123513936996460e-01,8.747181819670278857e-01,-1.491883446856214213e-01,-1.079746242238406762e+00
1.500000000000000000e+00,-1.803315281867980957e-01,8.986935299400991006e-01,-1.915149419127245012e-01,-1.031096217283490324e+00
1.500000000000000000e+00,-1.777380704879760742e-01,9.246988886003159047e-01,-2.326255179754452562e-01,-9.824461923285736642e-01
1.500000000000000000e+00,-1.752331703901290894e-01,9.526727199554441139e-01,-2.724227905273438610e-01,-9.337961673736571155e-01
1.500000000000000000e+00,-1.752331703901290894e-01,9.526727199554443359e-01,-2.724227905273437500e-01,-9.337961673736572266e-01
1.500000000000000000e+00,-1.727441847324371338e-01,9.782427053757222213e-01,-3.086338007406013717e-01,-9.781288109702167555e-01
1.500000000000000000e+00,-1.750340759754180908e-01,9.536850778778955817e-01,-2.703127507081857228e-01,-1.023647352939495825e+00
1.500000000000000000e+00,-1.773946136236190796e-01,9.308966029578336077e-01,-2.309139518086428255e-01,-1.069165894908774783e+00
-3.098451375961303711e+00,-1.798245161771774292e-01,9.099244887631331435e-01,-1.905190218035870409e-01,-1.114684436878053742e+00
-3.052670717239379883e+00,-1.823216676712036133e-01,8.908121807049411700e-01,-1.492116420198524307e-01,-1.160202978847332922e+00
-3.006227731704711914e+00,-1.848832368850708008e-01,8.735992714573128648e-01,-1.070773839969344499e-01,-1.205721520816611880e+00
-2.959095239639282227e+00,-1.875060647726058960e-01,8.583214189378217673e-01,-6.420353221870492288e-02,-1.251240062785890839e+00
-2.911246538162231445e+00,-1.901858001947402954e-01,8.450102724393335762e-01,-2.067890329662563920e-02,-1.296758604755170019e+00
-2.952621698379516602e+00,-1.931906044483184814e-01,8.316991259408453852e-01,2.284572562545365143e-02,-1.251240062785891061e+00
-2.994613170623779297e+00,-1.963217109441757202e-01,8.164212734213543987e-01,6.571957740368322698e-02,-1.205721520816611880e+00
-3.037257671356201172e+00,-1.995814293622970581e-01,7.992083641737260935e-01,1.078538354266011523e-01,-1.160202978847332922e+00
-3.080594539642333984e+00,-2.029715627431869507e-01,7.800960561155340089e-01,1.491612152103357070e-01,-1.114684436878053964e+00
-3.124664068222045898e+00,-2.064934223890304565e-01,7.591239419208334338e-01,1.895561452153914916e-01,-1.069165894908774783e+00
1.500000000000000000e+00,-2.101476490497589111e-01,7.363354670007715708e-01,2.289549441149344722e-01,-1.023647352939495825e+00
1.500000000000000000e+00,-2.139340639114379883e-01,7.117778395029449312e-01,2.672759941473500933e-01,-9.781288109702167555e-01
1.500000000000000000e+00,-2.107588946819305420e-01,7.363641598837323832e-01,2.323967604816338239e-01,-9.354518322880316372e-01
1.500000000000000000e+00,-2.076950520277023315e-01,7.624161823288804207e-01,1.985982365864714383e-01,-8.927748536058464079e-01
1.500000000000000000e+00,-2.047413885593414307e-01,7.898864648526492394e-01,1.659419711992798918e-01,-8.500978749236611787e-01
1.500000000000000000e+00,-2.018965780735015869e-01,8.187249827494904597e-01,1.344874329498010057e-01,-8.074208962414760604e-01
1.500000000000000000e+00,-1.991587281227111816e-01,8.488792196914414223e-01,1.042919020648664097e-01,-7.647439175592909422e-01
1.500000000000000000e+00,-1.965260207653045654e-01,8.802942633628842994e-01,7.541036605835005346e-02,-7.220669388771057129e-01
1.500000000000000000e+00,-1.965260207653045654e-01,8.802942633628845215e-01,7.541036605834960938e-02,-7.220669388771057129e-01
1.500000000000000000e+00,-1.992172449827194214e-01,8.482083102402065977e-01,1.049362539184195420e-01,-7.656741373533886286e-01
1.500000000000000000e+00,-2.025378942489624023e-01,8.144306389006713554e-01,1.359487120445039554e-01,-7.198148723095628698e-01
1.500000000000000000e+00,-2.059196829795837402e-01,7.792667696892991991e-01,1.653800888765401267e-01,-6.739556072657371111e-01
1.500000000000000000e+00,-2.093526124954223633e-01,7.427906418018825896e-01,1.931684989513290374e-01,-6.280963422219114634e-01
1.500000000000000000e+00,-2.128246724605560303e-01,7.050789537253087103e-01,2.192555114778524938e-01,-5.822370771780857046e-01
1.500000000000000000e+00,-2.163225263357162476e-01,6.662110019633720182e-01,2.435862731999105246e-01,-5.363778121342599459e-01
1.500000000000000000e+00,-2.198302149772644043e-01,6.262685142997274079e-01,2.661096237362627903e-01,-4.905185470904341871e-01
1.500000000000000000e+00,-2.233296483755111694e-01,5.853354779485817616e-01,2.867782031557480904e-01,-4.446592820466084839e-01
1.500000000000000000e+00,-2.268003672361373901e-01,5.434979629544722801e-01,3.055485515611846559e-01,-3.988000170027827251e-01
1.500000000000000000e+00,-2.302197068929672241e-01,5.008439412124718881e-01,3.223812004726533953e-01,-3.529407519589569664e-01
1.500000000000000000e+00,-2.335627675056457520e-01,4.574631014893646430e-01,3.372407558180151033e-01,-3.070814869151312632e-01
1.500000000000000000e+00,-2.311760038137435913e-01,4.975011909601003701e-01,3.254578612842785046e-01,-2.653425588286557613e-01
1.500000000000000000e+00,-2.289183139801025391e-01,5.379960721540656410e-01,3.153558907266875710e-01,-2.236036307421802871e-01
1.500000000000000000e+00,-2.267849743366241455e-01,5.788772076365447106e-01,3.069524406183691823e-01,-1.818647026557048130e-01
1.500000000000000000e+00,-2.247716188430786133e-01,6.200733871621882942e-01,3.002621488047975684e-01,-1.401257745692293111e-01
1.500000000000000000e+00,-2.228742837905883789e-01,6.615128517150873355e-01,2.952966690063469346e-01,-9.838684648275380917e-02
1.500000000000000000e+00,-2.228742837905883789e-01,6.615128517150878906e-01,2.952966690063476562e-01,-9.838684648275375366e-02
1.500000000000000000e+00,-2.248430252075195312e-01,6.185657453173311060e-01,3.004759727709636619e-01,-1.416485040491124447e-01
1.500000000000000000e+00,-2.269365191459655762e-01,5.758828173117330751e-01,3.075078140871014831e-01,-1.849101616154711358e-01
1.500000000000000000e+00,-2.294529229402542114e-01,5.317664856693432585e-01,3.157596352980059362e-01,-1.849101616154711358e-01
1.500000000000000000e+00,-2.319748997688293457e-01,4.876501540269534973e-01,3.240114565089104448e-01,-1.849101616154711358e-01
1.500000000000000000e+00,-2.344992309808731079e-01,4.435338223845637362e-01,3.322632777198148979e-01,-1.849101616154711358e-01
1.500000000000000000e+00,-2.370224893093109131e-01,3.994174907421739196e-01,3.405150989307193510e-01,-1.849101616154711358e-01
1.500000000000000000e+00,-2.395408600568771362e-01,3.553011590997841029e-01,3.487669201416238041e-01,-1.849101616154711358e-01
1.500000000000000000e+00,-2.420503497123718262e-01,3.111848274573943418e-01,3.570187413525283127e-01,-1.849101616154711358e-01
1.500000000000000000e+00,-2.443145364522933960e-01,2.674449272006722000e-01,3.662163634014568570e-01,-2.296103607936076374e-01
1.500000000000000000e+00,-2.467304170131683350e-01,2.241597168220285374e-01,3.773593292678453781e-01,-2.743105599717441390e-01
1.500000000000000000e+00,-2.493041455745697021e-01,1.814156704380738838e-01,3.904253778116581475e-01,-3.190107591498806960e-01
1.500000000000000000e+00,-2.520422637462615967e-01,1.392981810414510579e-01,4.053884060061215822e-01,-3.637109583280171976e-01
1.500000000000000000e+00,-2.549518048763275146e-01,9.789138990483881031e-02,4.222185210857016258e-01,-4.084111575061536992e-01
1.500000000000000000e+00,-2.580406367778778076e-01,5.727801848560998277e-02,4.408821002651276966e-01,-4.531113566842902562e-01
1.500000000000000000e+00,-2.613169550895690918e-01,1.753920316696172543e-02,4.613418579101563055e-01,-4.978115558624267578e-01
1.500000000000000000e+00,-2.613169550895690918e-01,1.753920316696166992e-02,4.613418579101562500e-01,-4.978115558624267578e-01
1.500000000000000000e+00,-2.572118639945983887e-01,5.590792664937103279e-02,4.393775315160552974e-01,-5.420259090444669026e-01
1.500000000000000000e+00,-2.530382573604583740e-01,9.326833045816583512e-02,4.157387751430989264e-01,-5.862402622265070473e-01
1.500000000000000000e+00,-2.488254904747009277e-01,1.295473903001602145e-01,3.904717928817131867e-01,-6.304546154085470810e-01
1.500000000000000000e+00,-2.445999234914779663e-01,1.646741954668948238e-01,3.636259713373002911e-01,-6.746689685905873368e-01
1.500000000000000000e+00,-2.403847724199295044e-01,1.985800874360391377e-01,3.352537830996457080e-01,-7.188833217726273705e-01
1.500000000000000000e+00,-2.442853897809982300e-01,1.642001151141530557e-01,3.667854133826319307e-01,-7.655375925641446644e-01
1.500000000000000000e+00,-2.483994960784912109e-01,1.313281037005880614e-01,3.998861244140137217e-01,-8.121918633556619582e-01
1.500000000000000000e+00,-2.527372539043426514e-01,1.000355901279986331e-01,4.344838815590352787e-01,-8.588461341471793631e-01
1.500000000000000000e+00,-2.573091685771942139e-01,7.039067398444659451e-02,4.705033922719580319e-01,-9.055004049386966569e-01
1.500000000000000000e+00,-2.621264755725860596e-01,4.245786931329317837e-02,5.078662699496714339e-01,-9.521546757302139508e-01
1.500000000000000000e+00,-2.672006785869598389e-01,1.629796421604731704e-02,5.464912045186732792e-01,-9.988089465217312446e-01
1.500000000000000000e+00,-2.725435495376586914e-01,-8.032111436293981610e-03,5.862941393841821780e-01,-1.045463217313248538e+00
1.500000000000000000e+00,-2.781675159931182861e-01,-3.047940989552253011e-02,6.271884543563014391e-01,-1.092117488104765943e+00
1.500000000000000000e+00,-2.840848267078399658e-01,-5.099508076249648081e-02,6.690851541551469106e-01,-1.138771758896283126e+00
1.500000000000000000e+00,-2.903079986572265625e-01,-6.953447729665887533e-02,7.118930620847069290e-01,-1.185426029687800531e+00
1.500000000000000000e+00,-2.968492209911346436e-01,-8.605725357744406501e-02,7.555190184539568587e-01,-1.232080300479317714e+00
1.500000000000000000e+00,-3.037202060222625732e-01,-1.005274523061279457e-01,7.998680833134212964e-01,-1.278734571270835119e+00
1.500000000000000000e+00,-3.117586374282836914e-01,-1.149976510348118680e-01,8.442171481728857341e-01,-1.232080300479317714e+00
1.500000000000000000e+00,-3.202046155929565430e-01,-1.315204273155970438e-01,8.878431045421357748e-01,-1.185426029687800531e+00
1.500000000000000000e+00,-3.290663659572601318e-01,-1.500598238497594106e-01,9.306510124716955712e-01,-1.138771758896283126e+00
1.500000000000000000e+00,-3.383483290672302246e-01,-1.705754947167334445e-01,9.725477122705411537e-01,-1.092117488104765943e+00
1.500000000000000000e+00,-3.480490744113922119e-01,-1.930227931759620208e-01,1.013442027242660526e+00,-1.045463217313248538e+00
1.500000000000000000e+00,-3.581603467464447021e-01,-2.173528688283032362e-01,1.053244962108169203e+00,-9.988089465217312446e-01
1.500000000000000000e+00,-3.686642944812774658e-01,-2.435127739255490975e-01,1.091869896677171159e+00,-9.521546757302139508e-01
1.500000000000000000e+00,-3.795315027236938477e-01,-2.714455785967024859e-01,1.129232774354884672e+00,-9.055004049386965459e-01
1.500000000000000000e+00,-3.907178342342376709e-01,-3.010904947402546217e-01,1.165252285067807314e+00,-8.588461341471793631e-01
1.500000000000000000e+00,-4.021618962287902832e-01,-3.323830083128441193e-01,1.199850042212828871e+00,-8.121918633556619582e-01
1.500000000000000000e+00,-4.137808978557586670e-01,-3.652550197264089471e-01,1.232950753244210551e+00,-7.655375925641446644e-01
1.500000000000000000e+00,-4.254686236381530762e-01,-3.996349920482950013e-01,1.264482383527196774e+00,-7.188833217726273705e-01
1.500000000000000000e+00,-4.159498512744903564e-01,-3.634302581567442902e-01,1.234276928612371371e+00,-6.717286374659302561e-01
1.500000000000000000e+00,-4.070208668708801270e-01,-3.258419676814264809e-01,1.205811639541071179e+00,-6.245739531592331417e-01
1.500000000000000000e+00,-3.986406624317169189e-01,-2.869536851153653423e-01,1.179149798985105413e+00,-5.774192688525360273e-01
1.500000000000000000e+00,-3.907720446586608887e-01,-2.468518650319428409e-01,1.154350680275635810e+00,-5.302645845458389129e-01
1.500000000000000000e+00,-3.833811879158020020e-01,-2.056256598832185978e-01,1.131469415629536179e+00,-4.831099002391417985e-01
1.500000000000000000e+00,-3.764374256134033203e-01,-1.633667218004545008e-01,1.110556873582078996e+00,-4.359552159324447396e-01
1.500000000000000000e+00,-3.699127733707427979e-01,-1.201689988374714524e-01,1.091659545898437722e+00,-3.888005316257476252e-01
1.500000000000000000e+00,-3.699127733707427979e-01,-1.201689988374710083e-01,1.091659545898437500e+00,-3.888005316257476807e-01
1.500000000000000000e+00,-3.777328133583068848e-01,-1.652269386560117348e-01,1.108860829852096552e+00,-3.405661751341252375e-01
1.500000000000000000e+00,-3.851034641265869141e-01,-2.110618449691034071e-01,1.123869609736409370e+00,-2.923318186425028498e-01
1.500000000000000000e+00,-3.918849825859069824e-01,-2.575671011044436964e-01,1.136650973596813330e+00,-2.440974621508804066e-01
1.500000000000000000e+00,-3.979332447052001953e-01,-3.046345310875939738e-01,1.147175190675859602e+00,-1.958631056592579911e-01
1.500000000000000000e+00,-4.031062424182891846e-01,-3.521546512703418452e-01,1.155417780569991226e+00,-1.476287491676355756e-01
1.500000000000000000e+00,-4.072730839252471924e-01,-4.000169250008464572e-01,1.161359570173460254e+00,-9.939439267601313244e-02
1.500000000000000000e+00,-4.053196907043457031e-01,-3.540779520905373845e-01,1.157845032781092742e+00,-5.331710093734119693e-02
1.500000000000000000e+00,-4.035387635231018066e-01,-3.080258543878020561e-01,1.156450220136262530e+00,-7.239809198669261425e-03
1.500000000000000000e+00,-4.019272625446319580e-01,-2.619583885780170096e-01,1.157178093065244440e+00,3.883748254000268796e-02
1.500000000000000000e+00,-4.004831016063690186e-01,-2.159733439690729173e-01,1.160027106482179882e+00,8.491477427867460959e-02
1.500000000000000000e+00,-3.992041349411010742e-01,-1.701683349099812059e-01,1.164991212668894827e+00,1.309920660173465312e-01
1.500000000000000000e+00,-3.980885446071624756e-01,-1.246405935808731491e-01,1.172059874112640232e+00,1.770693577560185084e-01
1.500000000000000000e+00,-3.971344530582427979e-01,-7.948676359424505788e-02,1.181218085874504053e+00,2.231466494946904300e-01
1.500000000000000000e+00,-3.963410258293151855e-01,-3.480269484557907411e-02,1.192446407441013934e+00,2.692239412333623516e-01
1.500000000000000000e+00,-3.957062959671020508e-01,9.316759951178754662e-03,1.205721003991316653e+00,3.153012329720342732e-01
1.500000000000000000e+00,-3.934301435947418213e-01,5.343621474793658344e-02,1.218995600541619151e+00,2.692239412333623516e-01
1.500000000000000000e+00,-3.901854157447814941e-01,9.812028349660252557e-02,1.230223922108129031e+00,2.231466494946904022e-01
1.500000000000000000e+00,-3.860508799552917480e-01,1.432741134832306584e-01,1.239382133869993075e+00,1.770693577560184528e-01
1.500000000000000000e+00,-3.811215758323669434e-01,1.888018548123386597e-01,1.246450795313738258e+00,1.309920660173465312e-01
1.500000000000000000e+00,-3.755030632019042969e-01,2.346068638714303711e-01,1.251414901500453425e+00,8.491477427867460959e-02
1.500000000000000000e+00,-3.693069815635681152e-01,2.805919084803745189e-01,1.254263914917388867e+00,3.883748254000263245e-02
1.500000000000000000e+00,-3.626444041728973389e-01,3.266593742901595654e-01,1.254991787846370777e+00,-7.239809198669289181e-03
1.500000000000000000e+00,-3.556237518787384033e-01,3.727114719928948938e-01,1.253596975201540564e+00,-5.331710093734121081e-02
1.500000000000000000e+00,-3.483455479145050049e-01,4.186504449032039110e-01,1.250082437809173053e+00,-9.939439267601313244e-02
1.500000000000000000e+00,-3.543264269828796387e-01,3.748168295385950755e-01,1.255433503617600755e+00,-1.435570092770520612e-01
1.500000000000000000e+00,-3.606702387332916260e-01,3.312621926405177053e-01,1.262714530049034556e+00,-1.877196258780909621e-01
1.500000000000000000e+00,-3.674001395702362061e-01,2.880714666107447863e-01,1.271911318958196979e+00,-2.318822424791298631e-01
1.500000000000000000e+00,-3.745418488979339600e-01,2.453288742176717996e-01,1.283005936425158922e+00,-2.760448590801687918e-01
1.500000000000000000e+00,-3.821235597133636475e-01,2.031177643602561367e-01,1.295976747726838685e+00,-3.202074756812077205e-01
1.500000000000000000e+00,-3.901760876178741455e-01,1.615204495360186288e-01,1.310798459525138737e+00,-3.643700922822465937e-01
1.500000000000000000e+00,-3.987334072589874268e-01,1.206180453300480515e-01,1.327442169189453347e+00,-4.085327088832855225e-01
1.500000000000000000e+00,-3.987334072589874268e-01,1.206180453300476074e-01,1.327442169189453125e+00,-4.085327088832855225e-01
1.500000000000000000e+00,-3.900211751461029053e-01,1.622910241019253630e-01,1.310504925979982582e+00,-3.635455032074449977e-01
1.500000000000000000e+00,-3.818321824073791504e-01,2.046835423388415065e-01,1.295458937651166931e+00,-3.185582975316044174e-01
1.500000000000000000e+00,-3.741305768489837646e-01,2.477098184678270254e-01,1.282334649871236909e+00,-2.735710918557638927e-01
1.500000000000000000e+00,-3.668834865093231201e-01,2.912827885021492258e-01,1.271158619733205208e+00,-2.285838861799233401e-01
1.500000000000000000e+00,-3.600620925426483154e-01,3.353142822159302927e-01,1.261953462016393024e+00,-1.835966805040827876e-01
1.500000000000000000e+00,-3.536387085914611816e-01,3.797152015572490269e-01,1.254737803425256981e+00,-1.386094748282422628e-01
1.500000000000000000e+00,-3.613345921039581299e-01,3.337012392335956257e-01,1.260073669081375192e+00,-9.228302460841289467e-02
1.500000000000000000e+00,-3.687903583049774170e-01,2.874895409760257481e-01,1.263272908862018040e+00,-4.595657438858354038e-02
1.500000000000000000e+00,-3.758996129035949707e-01,2.411792658221732222e-01,1.264328657978619708e+00,3.698758312458139130e-04
1.500000000000000000e+00,-3.825463354587554932e-01,1.948697843316573863e-01,1.263238651050977213e+00,4.669632605107518208e-02
1.500000000000000000e+00,-3.886101245880126953e-01,1.486604653610895665e-01,1.260005226968203607e+00,9.302277627090455026e-02
1.500000000000000000e+00,-3.939689099788665771e-01,1.026504628427338806e-01,1.254635323870042729e+00,1.393492264907338907e-01
1.500000000000000000e+00,-3.985055387020111084e-01,5.693850302434294575e-02,1.247140464259312687e+00,1.856756767105632866e-01
1.500000000000000000e+00,-4.021127521991729736e-01,1.162267262670096946e-02,1.237536730277424057e+00,2.320021269303926270e-01
1.500000000000000000e+00,-4.047004282474517822e-01,-3.319979162656505611e-02,1.225844729196025495e+00,2.783285771502219674e-01
1.500000000000000000e+00,-4.039936363697052002e-01,1.289814768892934282e-02,1.240229651138765821e+00,3.266234971080009819e-01
1.500000000000000000e+00,-4.034577012062072754e-01,5.824788942699285488e-02,1.256823231606063240e+00,3.749184170657799964e-01
1.500000000000000000e+00,-4.030915498733520508e-01,1.027436804393029313e-01,1.275586775264513362e+00,4.232133370235590109e-01
1.500000000000000000e+00,-4.028951227664947510e-01,1.462817589445062350e-01,1.296476526543753005e+00,4.715082569813380253e-01
1.500000000000000000e+00,-4.028679430484771729e-01,1.887605964950883619e-01,1.319443771672087040e+00,5.198031769391170398e-01
1.500000000000000000e+00,-4.030098915100097656e-01,2.300811347362299863e-01,1.344434952274373263e+00,5.680980968968960543e-01
1.500000000000000000e+00,-4.033214449882507324e-01,2.701470164045397526e-01,1.371391790267260102e+00,6.163930168546749577e-01
1.500000000000000000e+00,-4.038026630878448486e-01,3.088648100279881570e-01,1.400251423760528580e+00,6.646879368124540832e-01
1.500000000000000000e+00,-4.044545590877532959e-01,3.461442278030540387e-01,1.430946553647627129e+00,7.129828567702329867e-01
1.500000000000000000e+00,-4.052779376506805420e-01,3.818983361410055455e-01,1.463405600543550511e+00,7.612777767280121122e-01
1.500000000000000000e+00,-4.062740504741668701e-01,4.160437583923341509e-01,1.497552871704101562e+00,8.095726966857910156e-01
